[
    {
        "id": 1,
        "file": "power_plant_all-resized.svg",
        "description": "ТЭЦ"
    },
    {
        "id": 2,
        "file": "power_plant_moscow-resized.svg",
        "description": "Мосэнерго"
    },
    {
        "id": 3,
        "file": "power_plant_ogk-resized.svg",
        "description": "ОГК"
    },
    {
        "id": 4,
        "file": "gres_blue-resized.svg",
        "description": "ГЭС(ГРЭС)"
    },
    {
        "id": 5,
        "file": "power_plant_moscow-resized.svg",
        "description": "Мосэнерго ГЭС(ГРЭС)"
    },
    {
        "id": 6,
        "file": "gres_green-resized.svg",
        "description": "ОГК ГЭС(ГРЭС)"
    },
    {
        "id": 7,
        "file": "kotel-resized.svg",
        "description": "Завод или котельная"
    }
]