﻿{
    "type": "FeatureCollection",
    "features": [
        {
            "type": "Feature",
            "geometry": {
                "type": "Point",
                "coordinates": [
                    34.261777,
                    62.194756
                ]
            },
            "properties": {
                "id": "EE9C927F-3CB4-4EFB-9167-31907B644987",
                "name": "Кондопожская ГЭС (ГЭС-1)",
                "Компания": "ТГК-1 Карельский",
                "imageId": 1
            }
        },
        {
            "type": "Feature",
            "geometry": {
                "type": "Point",
                "coordinates": [
                    34.690052,
                    64.512816
                ]
            },
            "properties": {
                "id": "84EB02FD-0C93-4073-A6FF-37710AA7AC85",
                "name": "Беломорская ГЭС (ГЭС-6)",
                "Компания": "ТГК-1 Карельский",
                "imageId": 1
            }
        },
        {
            "type": "Feature",
            "geometry": {
                "type": "Point",
                "coordinates": [
                    34.336296,
                    64.221717
                ]
            },
            "properties": {
                "id": "349905F4-785B-4CEC-9BC3-5E551833F944",
                "name": "Палакоргская ГЭС (ГЭС-7)",
                "Компания": "ТГК-1 Карельский",
                "imageId": 1
            }
        },
        {
            "type": "Feature",
            "geometry": {
                "type": "Point",
                "coordinates": [
                    33.67386,
                    62.484165
                ]
            },
            "properties": {
                "id": "3D4F93F1-3E42-452E-A941-72DC1D16F025",
                "name": "Пальеозерская ГЭС (ГЭС-2)",
                "Компания": "ТГК-1 Карельский",
                "imageId": 1
            }
        },
        {
            "type": "Feature",
            "geometry": {
                "type": "Point",
                "coordinates": [
                    34.25829,
                    64.91051
                ]
            },
            "properties": {
                "id": "F1768399-698A-431A-A8BE-8700076FCFFF",
                "name": "Подужемская ГЭС (ГЭС-10)",
                "Компания": "ТГК-1 Карельский",
                "imageId": 1
            }
        },
        {
            "type": "Feature",
            "geometry": {
                "type": "Point",
                "coordinates": [
                    34.280086,
                    61.803656
                ]
            },
            "properties": {
                "id": "D302048F-3350-4A08-86A4-8FB45D03622C",
                "name": "Петрозаводская ТЭЦ",
                "Компания": "ТГК-1 Карельский",
                "imageId": 1
            }
        },
        {
            "type": "Feature",
            "geometry": {
                "type": "Point",
                "coordinates": [
                    32.003024,
                    64.831201
                ]
            },
            "properties": {
                "id": "41E4E812-752C-4854-BD84-C515145E1AF2",
                "name": "Юшкозерская ГЭС-16",
                "Компания": "ТГК-1 Карельский",
                "imageId": 1
            }
        },
        {
            "type": "Feature",
            "geometry": {
                "type": "Point",
                "coordinates": [
                    34.468938,
                    64.415499
                ]
            },
            "properties": {
                "id": "C38A3C58-E426-4365-B023-CCE46EB71C10",
                "name": "Маткожненская ГЭС (ГЭС-3)",
                "Компания": "ТГК-1 Карельский",
                "imageId": 1
            }
        },
        {
            "type": "Feature",
            "geometry": {
                "type": "Point",
                "coordinates": [
                    34.662015,
                    64.489211
                ]
            },
            "properties": {
                "id": "ECA500F9-6551-4A13-93D2-D0F0774CC803",
                "name": "Выгостровская ГЭС (ГЭС-5)",
                "Компания": "ТГК-1 Карельский",
                "imageId": 1
            }
        },
        {
            "type": "Feature",
            "geometry": {
                "type": "Point",
                "coordinates": [
                    33.662589,
                    65.02933
                ]
            },
            "properties": {
                "id": "038787D9-8FDF-4A20-80E0-E8010AB4DBE2",
                "name": "Кривопорожская ГЭС (ГЭС-14)",
                "Компания": "ТГК-1 Карельский",
                "imageId": 1
            }
        },
        {
            "type": "Feature",
            "geometry": {
                "type": "Point",
                "coordinates": [
                    34.540734,
                    64.940768
                ]
            },
            "properties": {
                "id": "A20A2049-91F4-40FA-B27A-F4FEB03920B9",
                "name": "Путкинская ГЭС (ГЭС-9)",
                "Компания": "ТГК-1 Карельский",
                "imageId": 1
            }
        },
        {
            "type": "Feature",
            "geometry": {
                "type": "Point",
                "coordinates": [
                    128.1774,
                    51.5132
                ]
            },
            "properties": {
                "id": "0B233E5A-1CB0-46F5-9161-0B731696BF11",
                "name": "Свободненская ТЭС",
                "Компания": "ОГК-2",
                "imageId": 3
            }
        },
        {
            "type": "Feature",
            "geometry": {
                "type": "Point",
                "coordinates": [
                    73.486364,
                    61.279216
                ]
            },
            "properties": {
                "id": "A93FEFA1-7F9E-44B0-BAD3-06D18CF40491",
                "name": "Сургутская ГРЭС-1",
                "Компания": "ОГК-2",
                "imageId": 6
            }
        },
        {
            "type": "Feature",
            "geometry": {
                "type": "Point",
                "coordinates": [
                    29.969686,
                    57.509888
                ]
            },
            "properties": {
                "id": "B1A5EEBA-2DAF-4D9F-99DD-1AABE3A2A7AF",
                "name": "Псковская ГРЭС",
                "Компания": "ОГК-2",
                "imageId": 6
            }
        },
        {
            "type": "Feature",
            "geometry": {
                "type": "Point",
                "coordinates": [
                    61.648329,
                    54.03739
                ]
            },
            "properties": {
                "id": "6E2AF800-D5A4-43FB-9518-4376810542E5",
                "name": "Троицкая ГРЭС",
                "Компания": "ОГК-2",
                "imageId": 6
            }
        },
        {
            "type": "Feature",
            "geometry": {
                "type": "Point",
                "coordinates": [
                    32.04314,
                    59.478627
                ]
            },
            "properties": {
                "id": "55288F3C-51D7-4196-A0B9-2C66EA431154",
                "name": "Киришская ГРЭС",
                "Компания": "ОГК-2",
                "imageId": 1
            }
        },
        {
            "type": "Feature",
            "geometry": {
                "type": "Point",
                "coordinates": [
                    39.789088,
                    54.03459
                ]
            },
            "properties": {
                "id": "1D7ACAA3-3144-4546-8567-5540549B4A25",
                "name": "Рязанская ГРЭС",
                "Компания": "ОГК-2",
                "imageId": 1
            }
        },
        {
            "type": "Feature",
            "geometry": {
                "type": "Point",
                "coordinates": [
                    39.948927,
                    43.420034
                ]
            },
            "properties": {
                "id": "15CFC710-A9D0-4E6B-A784-472BA344E53A",
                "name": "Адлерская ТЭС",
                "Компания": "ОГК-2",
                "imageId": 1
            }
        },
        {
            "type": "Feature",
            "geometry": {
                "type": "Point",
                "coordinates": [
                    60.703919,
                    59.634911
                ]
            },
            "properties": {
                "id": "99B5568B-46F4-4020-BA7B-5E680D7407C4",
                "name": "Серовская ГРЭС",
                "Компания": "ОГК-2",
                "imageId": 6
            }
        },
        {
            "type": "Feature",
            "geometry": {
                "type": "Point",
                "coordinates": [
                    41.513291,
                    45.311874
                ]
            },
            "properties": {
                "id": "0974796E-ACB2-47C2-A8A9-AF166C777B5D",
                "name": "Ставропольская ГРЭС",
                "Компания": "ОГК-2",
                "imageId": 1
            }
        },
        {
            "type": "Feature",
            "geometry": {
                "type": "Point",
                "coordinates": [
                    45.627217,
                    43.293417
                ]
            },
            "properties": {
                "id": "74FDA370-93A8-492D-B9C9-DAA48464A197",
                "name": "Грозненская ТЭС",
                "Компания": "ОГК-2",
                "imageId": 1
            }
        },
        {
            "type": "Feature",
            "geometry": {
                "type": "Point",
                "coordinates": [
                    40.23575,
                    47.399707
                ]
            },
            "properties": {
                "id": "143504B8-6B81-49EB-AA32-8B99D276D2B8",
                "name": "Новочеркасская ГРЭС",
                "Компания": "ОГК-2",
                "imageId": 1
            }
        },
        {
            "type": "Feature",
            "geometry": {
                "type": "Point",
                "coordinates": [
                    37.149963,
                    59.199472
                ]
            },
            "properties": {
                "id": "BC1D4AC8-6762-474D-A1D1-F082D48F1977",
                "name": "Череповецкая ГРЭС",
                "Компания": "ОГК-2",
                "imageId": 1
            }
        },
        {
            "type": "Feature",
            "geometry": {
                "type": "Point",
                "coordinates": [
                    33.05962,
                    68.95821
                ]
            },
            "properties": {
                "id": "29E02398-FC57-4B42-8A04-71E08A34B2A4",
                "name": "Мурманская ТЭЦ",
                "Компания": "ТГК-1 Мурманская ТЭЦ",
                "imageId": 1
            }
        },
        {
            "type": "Feature",
            "geometry": {
                "type": "Point",
                "coordinates": [
                    38.783564,
                    55.886947
                ]
            },
            "properties": {
                "id": "E3202F71-F879-45B0-90D5-CC0A25C92C11",
                "name": "ГРЭС-3",
                "Компания": "Мосэнерго",
                "imageId": 1
            }
        },
        {
            "type": "Feature",
            "geometry": {
                "type": "Point",
                "coordinates": [
                    37.630732,
                    55.748042
                ]
            },
            "properties": {
                "id": "4F1036F0-6BAF-49FE-82C1-1CE5E1EFA22D",
                "name": "ГЭС-1",
                "Компания": "Мосэнерго",
                "imageId": 1
            }
        },
        {
            "type": "Feature",
            "geometry": {
                "type": "Point",
                "coordinates": [
                    37.730223,
                    55.752803
                ]
            },
            "properties": {
                "id": "D8CC430F-4DD2-49E0-8D91-25F163A5A8EC",
                "name": "ТЭЦ-11",
                "Компания": "Мосэнерго",
                "imageId": 1
            }
        },
        {
            "type": "Feature",
            "geometry": {
                "type": "Point",
                "coordinates": [
                    37.560324,
                    55.735703
                ]
            },
            "properties": {
                "id": "E8E5BE3C-436D-44FB-9E73-C946BFA09CC1",
                "name": "ТЭЦ-12",
                "Компания": "Мосэнерго",
                "imageId": 1
            }
        },
        {
            "type": "Feature",
            "geometry": {
                "type": "Point",
                "coordinates": [
                    37.502032,
                    55.783112
                ]
            },
            "properties": {
                "id": "D0049534-E7DB-4E63-8A9B-95241E12AF7E",
                "name": "ТЭЦ-16",
                "Компания": "Мосэнерго",
                "imageId": 1
            }
        },
        {
            "type": "Feature",
            "geometry": {
                "type": "Point",
                "coordinates": [
                    38.054885,
                    54.903015
                ]
            },
            "properties": {
                "id": "46E94377-B2D9-4550-ABF9-A11160B5C495",
                "name": "ТЭЦ-17",
                "Компания": "Мосэнерго",
                "imageId": 1
            }
        },
        {
            "type": "Feature",
            "geometry": {
                "type": "Point",
                "coordinates": [
                    37.585182,
                    55.700043
                ]
            },
            "properties": {
                "id": "1FF04E26-33EC-4E2F-AE95-9571193EF903",
                "name": "ТЭЦ-20",
                "Компания": "Мосэнерго",
                "imageId": 1
            }
        },
        {
            "type": "Feature",
            "geometry": {
                "type": "Point",
                "coordinates": [
                    37.50807,
                    55.892889
                ]
            },
            "properties": {
                "id": "B2A93626-2746-4AE9-892E-A7EB16A03395",
                "name": "ТЭЦ-21",
                "Компания": "Мосэнерго",
                "imageId": 1
            }
        },
        {
            "type": "Feature",
            "geometry": {
                "type": "Point",
                "coordinates": [
                    37.816989,
                    55.634618
                ]
            },
            "properties": {
                "id": "C3203AE0-A841-4445-8C5B-293BC25BFF5C",
                "name": "ТЭЦ-22",
                "Компания": "Мосэнерго",
                "imageId": 1
            }
        },
        {
            "type": "Feature",
            "geometry": {
                "type": "Point",
                "coordinates": [
                    37.766003,
                    55.821196
                ]
            },
            "properties": {
                "id": "D55BA8E1-CF36-429E-B4F0-B0ADC23BEBEE",
                "name": "ТЭЦ-23",
                "Компания": "Мосэнерго",
                "imageId": 1
            }
        },
        {
            "type": "Feature",
            "geometry": {
                "type": "Point",
                "coordinates": [
                    37.446157,
                    55.69479
                ]
            },
            "properties": {
                "id": "79776F52-1B7C-448C-A803-175ED021853C",
                "name": "ТЭЦ-25",
                "Компания": "Мосэнерго",
                "imageId": 1
            }
        },
        {
            "type": "Feature",
            "geometry": {
                "type": "Point",
                "coordinates": [
                    37.630346,
                    55.577547
                ]
            },
            "properties": {
                "id": "76E759E3-D02A-4547-AA46-F4893B0046E1",
                "name": "ТЭЦ-26",
                "Компания": "Мосэнерго",
                "imageId": 1
            }
        },
        {
            "type": "Feature",
            "geometry": {
                "type": "Point",
                "coordinates": [
                    37.692245,
                    55.916478
                ]
            },
            "properties": {
                "id": "DAF3A975-99E8-4B4B-B358-7E1FC514CBBA",
                "name": "ТЭЦ-27",
                "Компания": "Мосэнерго",
                "imageId": 1
            }
        },
        {
            "type": "Feature",
            "geometry": {
                "type": "Point",
                "coordinates": [
                    38.66128,
                    55.776021
                ]
            },
            "properties": {
                "id": "3AECD4E6-C0BF-419C-894E-B0781F1B4934",
                "name": "ТЭЦ-30",
                "Компания": "Мосэнерго",
                "imageId": 1
            }
        },
        {
            "type": "Feature",
            "geometry": {
                "type": "Point",
                "coordinates": [
                    37.696284,
                    55.724044
                ]
            },
            "properties": {
                "id": "D40A2F31-17BD-4131-9EB1-AB0B1823D76A",
                "name": "ТЭЦ-8",
                "Компания": "Мосэнерго",
                "imageId": 1
            }
        },
        {
            "type": "Feature",
            "geometry": {
                "type": "Point",
                "coordinates": [
                    37.650181,
                    55.704849
                ]
            },
            "properties": {
                "id": "95612FCD-43C8-475E-99D8-C3BA0CDA77F4",
                "name": "ТЭЦ-9",
                "Компания": "Мосэнерго",
                "imageId": 1
            }
        },
        {
            "type": "Feature",
            "geometry": {
                "type": "Point",
                "coordinates": [
                    31.764686,
                    68.608819
                ]
            },
            "properties": {
                "id": "B913F5F2-FC9B-4C13-AE98-978D6904F2B5",
                "name": "Верхне-Туломская ГЭС-12",
                "Компания": "ТГК-1 Кольский",
                "imageId": 1
            }
        },
        {
            "type": "Feature",
            "geometry": {
                "type": "Point",
                "coordinates": [
                    31.091516,
                    66.361368
                ]
            },
            "properties": {
                "id": "572EEB4D-0A7F-4222-9FAB-92E298810D51",
                "name": "Кумская ГЭС-9",
                "Компания": "ТГК-1 Кольский",
                "imageId": 1
            }
        },
        {
            "type": "Feature",
            "geometry": {
                "type": "Point",
                "coordinates": [
                    28.600898,
                    68.938906
                ]
            },
            "properties": {
                "id": "0CA9C4F0-9655-468D-9E04-ACEFB23D7F39",
                "name": "Кайтакоски ГЭС-4",
                "Компания": "ТГК-1 Кольский",
                "imageId": 4
            }
        },
        {
            "type": "Feature",
            "geometry": {
                "type": "Point",
                "coordinates": [
                    29.241925,
                    69.117655
                ]
            },
            "properties": {
                "id": "7A3C8D28-DFE0-4533-9C86-AD6980B97059",
                "name": "Хевоскоски ГЭС-7",
                "Компания": "ТГК-1 Кольский",
                "imageId": 1
            }
        },
        {
            "type": "Feature",
            "geometry": {
                "type": "Point",
                "coordinates": [
                    29.00577,
                    69.02321
                ]
            },
            "properties": {
                "id": "43816EA8-E38A-4D09-966E-D90F6A5CFC74",
                "name": "Раякоски ГЭС-6",
                "Компания": "ТГК-1 Кольский",
                "imageId": 1
            }
        },
        {
            "type": "Feature",
            "geometry": {
                "type": "Point",
                "coordinates": [
                    32.527115,
                    67.381122
                ]
            },
            "properties": {
                "id": "B5A11C7A-1C0D-469F-9D6F-06FA721281C1",
                "name": "Нива ГЭС-1",
                "Компания": "ТГК-1 Кольский",
                "imageId": 1
            }
        },
        {
            "type": "Feature",
            "geometry": {
                "type": "Point",
                "coordinates": [
                    32.818469,
                    68.821711
                ]
            },
            "properties": {
                "id": "23C930F6-441A-4015-99EC-0BCBEDF14188",
                "name": "Нижне-Туломская ГЭС-13",
                "Компания": "ТГК-1 Кольский",
                "imageId": 1
            }
        },
        {
            "type": "Feature",
            "geometry": {
                "type": "Point",
                "coordinates": [
                    35.568168,
                    68.842654
                ]
            },
            "properties": {
                "id": "C09AC146-16EF-4E8E-BA41-316DA9E321F1",
                "name": "Серебрянская ГЭС-15",
                "Компания": "ТГК-1 Кольский",
                "imageId": 1
            }
        },
        {
            "type": "Feature",
            "geometry": {
                "type": "Point",
                "coordinates": [
                    33.422889,
                    67.597976
                ]
            },
            "properties": {
                "id": "94164387-CFFC-49FE-903E-4427F93C7369",
                "name": "Апатитская ТЭЦ",
                "Компания": "ТГК-1 Кольский",
                "imageId": 1
            }
        },
        {
            "type": "Feature",
            "geometry": {
                "type": "Point",
                "coordinates": [
                    30.139138,
                    69.643269
                ]
            },
            "properties": {
                "id": "23183ABA-5B09-48C1-9A49-4507E0DDD758",
                "name": "Борисоглебская ГЭС-8",
                "Компания": "ТГК-1 Кольский",
                "imageId": 1
            }
        },
        {
            "type": "Feature",
            "geometry": {
                "type": "Point",
                "coordinates": [
                    35.697129,
                    68.988909
                ]
            },
            "properties": {
                "id": "EC2D6623-093B-4822-BF6D-35589983130D",
                "name": "Серебрянская ГЭС-16",
                "Компания": "ТГК-1 Кольский",
                "imageId": 1
            }
        },
        {
            "type": "Feature",
            "geometry": {
                "type": "Point",
                "coordinates": [
                    32.412263,
                    67.184632
                ]
            },
            "properties": {
                "id": "5E441B53-7E29-48A9-BC70-62E056856B04",
                "name": "Нива ГЭС-3",
                "Компания": "ТГК-1 Кольский",
                "imageId": 1
            }
        },
        {
            "type": "Feature",
            "geometry": {
                "type": "Point",
                "coordinates": [
                    32.375614,
                    66.863801
                ]
            },
            "properties": {
                "id": "C502D5A1-6FF8-4AEF-94AF-68D89A9B4E1B",
                "name": "Княжегубская ГЭС-11",
                "Компания": "ТГК-1 Кольский",
                "imageId": 1
            }
        },
        {
            "type": "Feature",
            "geometry": {
                "type": "Point",
                "coordinates": [
                    28.77953,
                    68.97223
                ]
            },
            "properties": {
                "id": "23D83462-06AD-4431-AF89-4E1F5F63F9F2",
                "name": "Янискоски ГЭС-5",
                "Компания": "ТГК-1 Кольский",
                "imageId": 1
            }
        },
        {
            "type": "Feature",
            "geometry": {
                "type": "Point",
                "coordinates": [
                    35.146875,
                    69.125655
                ]
            },
            "properties": {
                "id": "33ABB008-6C80-4FDC-BE18-57EA447683AE",
                "name": "Нижне-Териберская ГЭС-19",
                "Компания": "ТГК-1 Кольский",
                "imageId": 1
            }
        },
        {
            "type": "Feature",
            "geometry": {
                "type": "Point",
                "coordinates": [
                    35.041713,
                    69.091272
                ]
            },
            "properties": {
                "id": "A349A3B1-C5CE-4D39-AC8A-75174603B62D",
                "name": "Верхне-Териберская ГЭС-18",
                "Компания": "ТГК-1 Кольский",
                "imageId": 1
            }
        },
        {
            "type": "Feature",
            "geometry": {
                "type": "Point",
                "coordinates": [
                    32.457474,
                    67.282284
                ]
            },
            "properties": {
                "id": "11F3A356-54D7-4275-A7E4-7602230E4F17",
                "name": "Нива ГЭС-2",
                "Компания": "ТГК-1 Кольский",
                "imageId": 1
            }
        },
        {
            "type": "Feature",
            "geometry": {
                "type": "Point",
                "coordinates": [
                    31.406983,
                    66.67533
                ]
            },
            "properties": {
                "id": "71D04DAD-9039-40ED-B490-8543ACEAD946",
                "name": "Иовская ГЭС-10",
                "Компания": "ТГК-1 Кольский",
                "imageId": 1
            }
        },
        {
            "type": "Feature",
            "geometry": {
                "type": "Point",
                "coordinates": [
                    30.502906,
                    59.872796
                ]
            },
            "properties": {
                "id": "FE264824-8185-4F4A-B6F4-8A6C10D766C6",
                "name": "Правобережная ТЭЦ-5",
                "Компания": "ТГК-1 Невский",
                "imageId": 1
            }
        },
        {
            "type": "Feature",
            "geometry": {
                "type": "Point",
                "coordinates": [
                    30.334558,
                    59.909168
                ]
            },
            "properties": {
                "id": "566858A0-3955-46E6-B603-8EDBC14EC60C",
                "name": "ЭС-1 Центральной ТЭЦ",
                "Компания": "ТГК-1 Невский",
                "imageId": 1
            }
        },
        {
            "type": "Feature",
            "geometry": {
                "type": "Point",
                "coordinates": [
                    28.873345,
                    61.058569
                ]
            },
            "properties": {
                "id": "BF0C3994-645D-4835-AC2C-73B72DE9D51D",
                "name": "Лесогорская ГЭС-10",
                "Компания": "ТГК-1 Невский",
                "imageId": 1
            }
        },
        {
            "type": "Feature",
            "geometry": {
                "type": "Point",
                "coordinates": [
                    33.705165,
                    60.806473
                ]
            },
            "properties": {
                "id": "2C031CFD-E943-4305-8090-526090B3FFF3",
                "name": "Нижне-Свирская ГЭС-9",
                "Компания": "ТГК-1 Невский",
                "imageId": 1
            }
        },
        {
            "type": "Feature",
            "geometry": {
                "type": "Point",
                "coordinates": [
                    28.211551,
                    59.367926
                ]
            },
            "properties": {
                "id": "4CD16DBC-B4F4-4757-ADC2-5FCBBF62B884",
                "name": "Нарвская ГЭС-13",
                "Компания": "ТГК-1 Невский",
                "imageId": 1
            }
        },
        {
            "type": "Feature",
            "geometry": {
                "type": "Point",
                "coordinates": [
                    30.447533,
                    59.826935
                ]
            },
            "properties": {
                "id": "3768FCD4-18E5-4AF3-B082-320F1495EAFA",
                "name": "Южная ТЭЦ-22",
                "Компания": "ТГК-1 Невский",
                "imageId": 1
            }
        },
        {
            "type": "Feature",
            "geometry": {
                "type": "Point",
                "coordinates": [
                    30.3851,
                    59.933731
                ]
            },
            "properties": {
                "id": "D3D4E81A-C45C-41CA-9A58-127F6800A83C",
                "name": "ЭС-2 Центральной ТЭЦ",
                "Компания": "ТГК-1 Невский",
                "imageId": 1
            }
        },
        {
            "type": "Feature",
            "geometry": {
                "type": "Point",
                "coordinates": [
                    28.83961,
                    61.104464
                ]
            },
            "properties": {
                "id": "5DDEA782-F37E-41EA-B55C-12851B011300",
                "name": "Светогорская ГЭС-11",
                "Компания": "ТГК-1 Невский",
                "imageId": 1
            }
        },
        {
            "type": "Feature",
            "geometry": {
                "type": "Point",
                "coordinates": [
                    34.191246,
                    60.91829
                ]
            },
            "properties": {
                "id": "2570E247-F18C-405C-B9EF-05AA92458100",
                "name": "Верхне-Свирская ГЭС-12",
                "Компания": "ТГК-1 Невский",
                "imageId": 1
            }
        },
        {
            "type": "Feature",
            "geometry": {
                "type": "Point",
                "coordinates": [
                    30.247347,
                    59.924967
                ]
            },
            "properties": {
                "id": "7AB95D1D-EC7D-4EFF-B69E-CCF95D82DF77",
                "name": "Василеостровская ТЭЦ-7",
                "Компания": "ТГК-1 Невский",
                "imageId": 1
            }
        },
        {
            "type": "Feature",
            "geometry": {
                "type": "Point",
                "coordinates": [
                    30.474406,
                    60.075765
                ]
            },
            "properties": {
                "id": "FC62F17B-312F-4636-9CB4-CB0492765341",
                "name": "Северная ТЭЦ-21",
                "Компания": "ТГК-1 Невский",
                "imageId": 1
            }
        },
        {
            "type": "Feature",
            "geometry": {
                "type": "Point",
                "coordinates": [
                    32.339868,
                    59.912621
                ]
            },
            "properties": {
                "id": "A0DFEAFE-DE96-49EE-904F-BECA50B7C79E",
                "name": "Волховская ГЭС-6",
                "Компания": "ТГК-1 Невский",
                "imageId": 1
            }
        },
        {
            "type": "Feature",
            "geometry": {
                "type": "Point",
                "coordinates": [
                    30.287606,
                    59.870575
                ]
            },
            "properties": {
                "id": "FF1E08D7-F3FD-44A7-9F7F-B40B678C7477",
                "name": "Автовская ТЭЦ-15",
                "Компания": "ТГК-1 Невский",
                "imageId": 1
            }
        },
        {
            "type": "Feature",
            "geometry": {
                "type": "Point",
                "coordinates": [
                    30.3776,
                    59.96929
                ]
            },
            "properties": {
                "id": "3BE54437-FE24-43A4-9F56-F8429F3150FF",
                "name": "Выборгская ТЭЦ-17",
                "Компания": "ТГК-1 Невский",
                "imageId": 1
            }
        },
        {
            "type": "Feature",
            "geometry": {
                "type": "Point",
                "coordinates": [
                    30.243568,
                    59.870304
                ]
            },
            "properties": {
                "id": "9D11CBD2-E017-4599-AD31-FCAC6DC451E4",
                "name": "Первомайская ТЭЦ-14",
                "Компания": "ТГК-1 Невский",
                "imageId": 1
            }
        },
        {
            "type": "Feature",
            "geometry": {
                "type": "Point",
                "coordinates": [
                    55.881222,
                    53.42179
                ]
            },
            "properties": {
                "id": "29369DFE-A437-4991-8F3D-6C25EDA1ABEE",
                "name": "Ново-Салаватская ТЭЦ",
                "Компания": "Ново-Салаватская ТЭЦ",
                "imageId": 1
            }
        },
        {
            "type": "Feature",
            "geometry": {
                "type": "Point",
                "coordinates": [
                    37.44824,
                    54.925545
                ]
            },
            "properties": {
                "id": "9659F145-CED1-4DD2-9FBD-954ABE775D49",
                "Компания": "ООО «Газпром теплоэнерго Моск. обл.»",
                "name": "г. Серпухов ГТЭ МО",
                "imageId": 1
            }
        },
        {
            "type": "Feature",
            "geometry": {
                "type": "Point",
                "coordinates": [
                    39.966352,
                    57.63478
                ]
            },
            "properties": {
                "id": "D4F0A739-EC3A-4541-B308-06A211B30356",
                "Компания": "ООО «Газпром теплоэнерго Ярославль»",
                "name": "г. Ярославль",
                "imageId": 1
            }
        },
        {
            "type": "Feature",
            "geometry": {
                "type": "Point",
                "coordinates": [
                    40.95697,
                    57.017291
                ]
            },
            "properties": {
                "id": "74DCDCE5-E8CE-461F-8BBE-22354D8E0F97",
                "Компания": "ООО «Газпром теплоэнерго Иваново»",
                "name": "г. Иваново",
                "imageId": 1
            }
        },
        {
            "type": "Feature",
            "geometry": {
                "type": "Point",
                "coordinates": [
                    37.935289,
                    59.124515
                ]
            },
            "properties": {
                "id": "5478E2C6-5355-42B5-AEA7-F1B5913CC2D2",
                "Компания": "ООО «Газпром теплоэнерго Вологда»",
                "name": "г. Череповец",
                "imageId": 1
            }
        },
        {
            "type": "Feature",
            "geometry": {
                "type": "Point",
                "coordinates": [
                    40.540142,
                    64.538469
                ]
            },
            "properties": {
                "id": "3EAE82B8-C983-4872-963A-C286F66AED07",
                "Компания": "ООО «Газпром теплоэнерго Архангельск»",
                "name": "г. Архангельск",
                "imageId": 7
            }
        },
        {
            "type": "Feature",
            "geometry": {
                "type": "Point",
                "coordinates": [
                    35.895053,
                    56.858228
                ]
            },
            "properties": {
                "id": "CD1D8D53-3977-4C66-9DD8-8FF64B766AAF",
                "Компания": "ООО «Газпром теплоэнерго Тверь»",
                "name": "г. Тверь",
                "imageId": 7
            }
        },
        {
            "type": "Feature",
            "geometry": {
                "type": "Point",
                "coordinates": [
                    28.342331,
                    57.803662
                ]
            },
            "properties": {
                "id": "50DAA8D2-0884-4042-A9FF-420D2A84EB71",
                "Компания": "ООО «Газпром теплоэнерго Псков»",
                "name": "г. Псков",
                "imageId": 1
            }
        },
        {
            "type": "Feature",
            "geometry": {
                "type": "Point",
                "coordinates": [
                    34.315392,
                    61.812835
                ]
            },
            "properties": {
                "id": "8E87D881-D3CA-46A9-84A3-666D18475139",
                "Компания": "ООО «Петербургтеплоэнерго» Карелия",
                "name": "г. Петразоводск",
                "imageId": 1
            }
        },
        {
            "type": "Feature",
            "geometry": {
                "type": "Point",
                "coordinates": [
                    30.292943,
                    59.911985
                ]
            },
            "properties": {
                "id": "9276ED02-F8C8-427F-A4BE-2EC127C3B0D4",
                "Компания": "ООО «Газпром теплоэнерго Северо-Запад»",
                "name": "г. Санкт-Петербург",
                "imageId": 1
            }
        },
        {
            "type": "Feature",
            "geometry": {
                "type": "Point",
                "coordinates": [
                    30.292943,
                    59.911985
                ]
            },
            "properties": {
                "id": "56BCA3E9-27D5-461F-B7EB-6993BB86F863",
                "Компания": "ООО «Петербургтеплоэнерго» СПБ",
                "name": "г. Санкт-Петербург"
            }
        },
        {
            "type": "Feature",
            "geometry": {
                "type": "Point",
                "coordinates": [
                    30.323603,
                    59.907185
                ]
            },
            "properties": {
                "id": "F191FE18-4A85-45AE-9318-48B8E7BFDCD4",
                "Компания": "Филиал АО «ГПТЭ» в Ленинградской области",
                "name": "г. Санкт-Петербург"
            }
        },
        {
            "type": "Feature",
            "geometry": {
                "type": "Point",
                "coordinates": [
                    30.323603,
                    59.907185
                ]
            },
            "properties": {
                "id": "F04AD1B6-FBA0-427E-B033-35ABF42786A8",
                "Компания": "ООО «Петербургтеплоэнерго» ЛО",
                "name": "г. Санкт-Петербург"
            }
        },
        {
            "type": "Feature",
            "geometry": {
                "type": "Point",
                "coordinates": [
                    36.034256,
                    52.936582
                ]
            },
            "properties": {
                "id": "E93E3234-FF32-45A1-9BB5-C0675BE14072",
                "Компания": "ООО «Газпром теплоэнерго Орел»",
                "name": "г. Орёл",
                "imageId": 1
            }
        },
        {
            "type": "Feature",
            "geometry": {
                "type": "Point",
                "coordinates": [
                    38.967049,
                    45.037381
                ]
            },
            "properties": {
                "id": "56253D5F-E7C8-4CEA-B36E-40012533C788",
                "Компания": "ООО «Газпром теплоэнерго Краснодар»",
                "name": "г. Краснодар",
                "imageId": 1
            }
        },
        {
            "type": "Feature",
            "geometry": {
                "type": "Point",
                "coordinates": [
                    42.718045,
                    43.922778
                ]
            },
            "properties": {
                "id": "49332B98-6F63-41DB-96CB-267D1DD83D20",
                "Компания": "ООО «Газпром теплоэнерго Кисловодск»",
                "name": "г. Кисловодск",
                "imageId": 1
            }
        },
        {
            "type": "Feature",
            "geometry": {
                "type": "Point",
                "coordinates": [
                    39.173895,
                    51.677024
                ]
            },
            "properties": {
                "id": "B318D313-CC0A-42E6-97AE-82F04395920B",
                "Компания": "ООО «Газпром теплоэнерго Воронеж»",
                "name": "г. Воронеж",
                "imageId": 1
            }
        },
        {
            "type": "Feature",
            "geometry": {
                "type": "Point",
                "coordinates": [
                    44.49246,
                    48.693789
                ]
            },
            "properties": {
                "id": "4832E1E5-C7DC-430C-AF25-B9F6FB96C0D8",
                "Компания": "ООО «Газпром теплоэнерго Волгоград»",
                "name": "г. Волгоград",
                "imageId": 1
            }
        },
        {
            "type": "Feature",
            "geometry": {
                "type": "Point",
                "coordinates": [
                    49.106414,
                    55.796127
                ]
            },
            "properties": {
                "id": "692EA9E7-F45F-4A8D-B3A7-507D6C898F27",
                "Компания": "ООО «Газпром теплоэнерго Казань»",
                "name": "г. Казань",
                "imageId": 7
            }
        },
        {
            "type": "Feature",
            "geometry": {
                "type": "Point",
                "coordinates": [
                    50.100202,
                    53.195878
                ]
            },
            "properties": {
                "id": "CAF2819A-8E57-498C-80A8-CC100AF8FC9A",
                "Компания": "АО «Газпром теплоэнерго Тольятти»",
                "name": "г. Самара",
                "imageId": 7
            }
        },
        {
            "type": "Feature",
            "geometry": {
                "type": "Point",
                "coordinates": [
                    49.632261,
                    58.592763
                ]
            },
            "properties": {
                "id": "2BDCAD35-6FBB-411F-91C8-1E851AC3A017",
                "Компания": "ООО «Газпром теплоэнерго Киров»",
                "name": "г. Киров",
                "imageId": 7
            }
        },
        {
            "type": "Feature",
            "geometry": {
                "type": "Point",
                "coordinates": [
                    37.980725,
                    55.742767
                ]
            },
            "properties": {
                "id": "1A06DFD3-E6B5-43C5-913E-E958977F7C59",
                "Компания": "АО «Мособлэнергогаз»",
                "name": "г. Балашиха",
                "imageId": 1
            }
        },
        {
            "type": "Feature",
            "geometry": {
                "type": "Point",
                "coordinates": [
                    30.41921,
                    59.90455
                ]
            },
            "properties": {
                "id": "DAB0C600-21D8-4710-90A7-38B95370A951",
                "Компания": "АО «Невский завод»",
                "name": "Завод «НЗЛ»",
                "imageId": 1
            }
        },
        {
            "type": "Feature",
            "geometry": {
                "type": "Point",
                "coordinates": [
                    45.376701,
                    50.115863
                ]
            },
            "properties": {
                "id": "B1134377-4D3C-49BE-B8C9-E8BE82488A1E",
                "Компания": "АО Газэнергосервис",
                "name": "Завод «Ротор»",
                "imageId": 1
            }
        },
        {
            "type": "Feature",
            "geometry": {
                "type": "Point",
                "coordinates": [
                    37.490141,
                    54.018854
                ]
            },
            "properties": {
                "id": "EFA7E190-CEDD-497D-B3A4-37172402686A",
                "Компания": "АО Газэнергосервис",
                "name": "Завод «РТО»",
                "imageId": 1
            }
        },
        {
            "type": "Feature",
            "geometry": {
                "type": "Point",
                "coordinates": [
                    36.749315,
                    55.373838
                ]
            },
            "properties": {
                "id": "FFC1C57E-758C-41B3-8A05-DB7828ADF22F",
                "Компания": "АО Газэнергосервис",
                "name": "Завод «Турбодеталь»",
                "imageId": 1
            }
        },
        {
            "type": "Feature",
            "geometry": {
                "type": "Point",
                "coordinates": [
                    34.434817,
                    53.199456
                ]
            },
            "properties": {
                "id": "6B52D65B-AF97-4F8B-B99F-3B0CD053F194",
                "Компания": "АО Газэнергосервис",
                "name": "Завод «Турборемонт»",
                "imageId": 7
            }
        },
        {
            "type": "Feature",
            "geometry": {
                "type": "Point",
                "coordinates": [
                    53.800058,
                    56.465367
                ]
            },
            "properties": {
                "id": "47188E1D-D37D-484C-A931-AC451ACBB78F",
                "Компания": "ООО «Сарапултеплоэнерго»",
                "name": "г. Сарапул",
                "imageId": 7
            },
            "company": "Газпром теплоэнерго"
        },
        {
            "type": "Feature",
            "geometry": {
                "type": "Point",
                "coordinates": [
                    44.006516,
                    56.326797
                ]
            },
            "properties": {
                "id": "A8A91A80-5218-4296-B259-DFF969290C38",
                "Компания": "ООО «Нижегородтеплогаз»",
                "name": "г. Нижний Новгород",
                "imageId": 1
            }
        },
        {
            "type": "Feature",
            "geometry": {
                "type": "Point",
                "coordinates": [
                    34.361136,
                    61.796928
                ]
            },
            "properties": {
                "id": "0EA985B7-4A01-4948-B82F-9288BA0AAE4F",
                "Компания": "ТГК-1 Карельский",
                "name": "Малые ГЭС",
                "imageId": 1
            }
        },
        {
            "type": "Feature",
            "geometry": {
                "type": "Point",
                "coordinates": [
                    65.696166,
                    57.10062
                ]
            },
            "properties": {
                "id": "112F7ACC-9053-478D-ABB2-FC7DA1D668F7",
                "Компания": "ПАО Тюменские моторостроители",
                "name": "Завод «Тюменские моторостроители»",
                "imageId": 7
            }
        },
        {
            "type": "Feature",
            "geometry": {
                "type": "Point",
                "coordinates": [
                    94.489209,
                    56.14652
                ]
            },
            "properties": {
                "id": "51EF4DE4-68A6-4F1A-A02F-4CA749A09681",
                "Компания": "ОГК-2",
                "name": "Красноярская ГРЭС-2",
                "imageId": 6
            }
        },
        {
            "type": "Feature",
            "geometry": {
                "type": "Point",
                "coordinates": [
                    37.305569,
                    55.484847
                ]
            },
            "properties": {
                "id": "53457B74-F894-4306-973C-069B022B29F6",
                "Компания": "МОЭК Тепловые сети",
                "name": "МОЭК ТиНАО",
                "imageId": 1
            }
        },
        {
            "type": "Feature",
            "geometry": {
                "type": "Point",
                "coordinates": [
                    37.305569,
                    55.484847
                ]
            },
            "properties": {
                "id": "16919271-0C62-4FD8-8C18-08019EB0FAF5",
                "Компания": "МОЭК Энергообъекты",
                "name": "МОЭК ТиНАО"
            }
        },
        {
            "type": "Feature",
            "geometry": {
                "type": "Point",
                "coordinates": [
                    37.305569,
                    55.484847
                ]
            },
            "properties": {
                "id": "FCDA67AF-8882-4B00-8201-204FECF3CCBC",
                "Компания": "МОЭК Энергообъекты",
                "name": "МОЭК ТиНАО"
            }
        },
        {
            "type": "Feature",
            "geometry": {
                "type": "Point",
                "coordinates": [
                    37.305569,
                    55.484847
                ]
            },
            "properties": {
                "id": "2EEE4BBF-0DA3-48D8-B3C4-346FCD27C073",
                "Компания": "МОЭК Энергообъекты",
                "name": "МОЭК ТиНАО"
            }
        },
        {
            "type": "Feature",
            "geometry": {
                "type": "Point",
                "coordinates": [
                    37.486541,
                    55.664592
                ]
            },
            "properties": {
                "id": "4987ED22-21F7-4ECA-A1E3-40272D0C67F0",
                "Компания": "МОЭК Тепловые сети",
                "name": "МОЭК Москва",
                "imageId": 1
            }
        },
        {
            "type": "Feature",
            "geometry": {
                "type": "Point",
                "coordinates": [
                    37.486541,
                    55.664592
                ]
            },
            "properties": {
                "id": "51E828C4-3540-40FA-BF21-CECD9B96B3D3",
                "Компания": "МОЭК Энергообъекты",
                "name": "МОЭК Москва"
            }
        },
        {
            "type": "Feature",
            "geometry": {
                "type": "Point",
                "coordinates": [
                    37.486541,
                    55.664592
                ]
            },
            "properties": {
                "id": "F78A6DF9-B629-4D37-9DF5-2086F42BA624",
                "Компания": "МОЭК Энергообъекты",
                "name": "МОЭК Москва"
            }
        },
        {
            "type": "Feature",
            "geometry": {
                "type": "Point",
                "coordinates": [
                    37.486541,
                    55.664592
                ]
            },
            "properties": {
                "id": "8C4FDA49-021A-4715-861F-944887EDA634",
                "Компания": "МОЭК Энергообъекты",
                "name": "МОЭК Москва"
            }
        },
        {
            "type": "Feature",
            "geometry": {
                "type": "Point",
                "coordinates": [
                    37.486541,
                    55.664592
                ]
            },
            "properties": {
                "id": "4B224D41-10FC-4887-8FD4-65DDDEAAB0AB",
                "Компания": "МОЭК Энергообъекты",
                "name": "МОЭК Москва"
            }
        },
        {
            "type": "Feature",
            "geometry": {
                "type": "Point",
                "coordinates": [
                    37.440937,
                    55.652532
                ]
            },
            "properties": {
                "id": "A4F3A472-9754-431D-AB1D-A51C007AD50E",
                "Компания": "МОЭК Тепловые сети",
                "name": "МОЭК ТСК Москва",
                "imageId": 1
            }
        },
        {
            "type": "Feature",
            "geometry": {
                "type": "Point",
                "coordinates": [
                    37.440937,
                    55.652532
                ]
            },
            "properties": {
                "id": "34EC6AA3-5115-45AB-976C-703ABEC26188",
                "Компания": "МОЭК Энергообъекты",
                "name": "МОЭК ТСК Москва"
            }
        },
        {
            "type": "Feature",
            "geometry": {
                "type": "Point",
                "coordinates": [
                    37.440937,
                    55.652532
                ]
            },
            "properties": {
                "id": "40A418CC-26D0-44D6-9A29-8E0715592D70",
                "Компания": "МОЭК Энергообъекты",
                "name": "МОЭК ТСК Москва"
            }
        },
        {
            "type": "Feature",
            "geometry": {
                "type": "Point",
                "coordinates": [
                    37.440937,
                    55.652532
                ]
            },
            "properties": {
                "id": "1F141EF9-67B4-4576-BEDA-8541B5FED457",
                "Компания": "МОЭК Энергообъекты",
                "name": "МОЭК ТСК Москва"
            }
        },
        {
            "type": "Feature",
            "geometry": {
                "type": "Point",
                "coordinates": [
                    30.358295,
                    59.920188
                ]
            },
            "properties": {
                "id": "A7730275-5A8D-434A-A248-DEF86B3B28CE",
                "Компания": "ТГК-1 Тепловые сети",
                "name": "ТС С.Петербурга",
                "imageId": 1
            }
        }
    ]
}