{
    "type": "FeatureCollection",
    "features": [
        {
            "type": "Feature",
            "geometry": {
                "type": "Point",
                "coordinates": [
                    40.23242187500001,57.53941679447499                        
                ]
            },
            "properties": {
                "id": "EE9C927F-3CB4-4EFB-9167-31907B644987",
                "name": "МОСКВА",
                "minZoom":4
            }         
        }            
    ]
}