
{
    "apiKey": "fe972e77a3mshf8ed670b5b6ac1bp19337ejsnf8be8d5f3e39",
    "url":"/accidents/WeatherCache/weather?lat=[lat]&lon=[lon]",     
    "updatePeriod": 0,                             
    "points": {
        "type": "FeatureCollection",
        "features": [
            {
                "type": "Feature",
                "geometry": {
                    "type": "Point",
                    "coordinates": [56.23901367187499,58.022646210448585]
                },
                "properties": {
                    "id": "EE9C927F-3CB4-4EFB-9167-31907B644987",
                    "name": "Kerchevskiy"                    
                }         
            },          
            {
                "type": "Feature",
                "geometry": {
                    "type": "Point",
                    "coordinates": [
                        42.099609374999986,55.73948169869351                        
                    ]
                },
                "properties": {
                    "id": "EE9C927F-3CB4-4EFB-9167-31907B644987",
                    "name": "МОСКВА",
                    "offset":[0,0]
                }         
            },
            {
                "type": "Feature",
                "geometry": {
                    "type": "Point",
                    "coordinates": [36.56250000000001,67.65938637009882]
                },
                "properties": {
                    "id": "EE9C927F-3CB4-4EFB-9167-31907B644987",
                    "name":"Lovozero"
                }         
            },
            {
                "type": "Feature",
                "geometry": {
                    "type": "Point",
                    "coordinates": [38.14453124999999,63.41119772365923]
                },
                "properties": {
                    "id": "EE9C927F-3CB4-4EFB-9167-31907B644987",
                    "name": "Kaska"                    
                }         
            },
            {
                "type": "Feature",
                "geometry": {
                    "type": "Point",
                    "coordinates": [32.95898437499999,57.82135503542938]
                },
                "properties": {
                    "id": "EE9C927F-3CB4-4EFB-9167-31907B644987",
                    "name": "Valday"                    
                }         
            },
            {
                "type": "Feature",
                "geometry": {
                    "type": "Point",
                    "coordinates": [44.60449218750001,46.01985337287633]
                },
                "properties": {
                    "id": "EE9C927F-3CB4-4EFB-9167-31907B644987",
                    "name": "Lentekhi"                    
                }         
            },
            {
                "type": "Feature",
                "geometry": {
                    "type": "Point",
                    "coordinates": [76.59667968749999,60.81278083236677]
                },
                "properties": {
                    "id": "EE9C927F-3CB4-4EFB-9167-31907B644987",
                    "name": "Nizhnevartovsk"                    
                }         
            },
            {
                "type": "Feature",
                "geometry": {
                    "type": "Point",
                    "coordinates": [131.396484375,51.64529404930539]
                },
                "properties": {
                    "id": "EE9C927F-3CB4-4EFB-9167-31907B644987",
                    "name": "Alihe"                    
                }         
            },
            {
                "type": "Feature",
                "geometry": {
                    "type": "Point",
                    "coordinates": [59.150390624999986,52.34876318198809]
                },
                "properties": {
                    "id": "EE9C927F-3CB4-4EFB-9167-31907B644987",
                    "name": "Prostory"                    
                }         
            }


            

            
            
        ]
    }
}


